"NAME"|"PRICE"|"CUSINE_CATEGORY"|"CITY"|"REGION"|"URL"|"PAGE NO"|"CUSINE TYPE"|"TIMING"|"RATING_TYPE"|"RATING"|"VOTES"
"AFC Food"|"400"|"North Indian,South Indian,Chinese"|"Agra"|"Civil Lines"|"https://www.zomato.com/agra/afc-food-civil-lines/info"|"60"|"Quick Bites"|"11am to 11pm(Mon-Sun)"|"Not rated"|"-"|"-"
"Vianjan Restaurant"|"500"|"North Indian"|"Agra"|"Tajganj"|"https://www.zomato.com/agra/vianjan-restaurant-tajganj/info"|"60"|"Quick Bites"|"10am to 11pm(Mon-Sun)"|"Not rated"|"-"|"-"
"Heartbeat Lounge"|"300"|"North Indian"|"Agra"|"Tajganj"|"https://www.zomato.com/agra/heartbeat-lounge-tajganj/info"|"60"|"Quick Bites"|"6pm to 12midnight(Mon-Sun)"|"None"|"NEW"|"NEW"
"India spice"|"500"|"North Indian,Chinese,South Indian"|"Agra"|"Sikandra"|"https://www.zomato.com/agra/india-spice-sikandra/info"|"60"|"Casual Dining"|"10am to 1130pm(Mon-Sun)"|"Not rated"|"-"|"-"
"Bhaiya Ji Family Dhaba"|"250"|"North Indian"|"Agra"|"Sikandra"|"https://www.zomato.com/agra/bhaiya-ji-family-dhaba-sikandra/info"|"60"|"Dhaba"|"8am to 11pm(Mon-Sun)"|"Not rated"|"-"|"-"
"Zigzag Cafe"|"400"|"North Indian,Chinese"|"Agra"|"Tajganj"|"https://www.zomato.com/agra/zigzag-cafe-tajganj/info"|"60"|"Quick Bites"|"11am to 11pm(Mon-Sun)"|"Not rated"|"-"|"-"
"Hotel City Square"|"1200"|"Asian,North Indian,Chinese"|"Agra"|"Tajganj"|"https://www.zomato.com/agra/hotel-city-square-tajganj/info"|"60"|"Casual Dining"|"11am to 1130pm(Mon-Sun)"|"Not rated"|"-"|"-"
"Siddharth Fast Food & Drinks"|"0"|"Chinese,Fast Food"|"Agra"|"Mantola"|"https://www.zomato.com/agra/siddharth-fast-food-drinks-mantola/info"|"60"|"Quick Bites"|"10am to 11pm(Mon-Sun)"|"None"|"NEW"|"NEW"
